jservice_jwjld,login_jeufi,pass_wzugo
sservice_atgon,login_jgylx,pass_esggi
oservice_pqcdi,login_ejfac,pass_qhlqz
oservice_zbcnu,login_qlbxf,pass_ometa
fservice_ljetm,login_ntcfv,pass_nzhmr
bservice_bhlyg,login_wjsqa,pass_gyiut
tservice_dyoag,login_jrzya,pass_aejoe
bservice_pasqq,login_jvywx,pass_gccrx
hservice_wderv,login_bblto,pass_mcglv
aservice_jemaf,login_nmwjo,pass_eeclo
rservice_qduhv,login_iwkng,pass_sfgpm
rservice_iqqbu,login_tbxdo,pass_anmyj
fservice_mnffd,login_jwmrl,pass_poflx
jservice_jkvfk,login_tzqdy,pass_ulktu
kservice_qnuaa,login_iywew,pass_nabti
aservice_ttwrw,login_obotq,pass_mhhyy
jservice_ymlbc,login_ukyqv,pass_krwkk
qservice_rptts,login_pjfhb,pass_kwigu
xservice_auvbj,login_roytp,pass_oxert
wservice_yxmzf,login_jqouf,pass_clngo
lservice_lkhoj,login_atswv,pass_yroir
uservice_mqjxg,login_vwebh,pass_pzvzw
jservice_kmjik,login_jgudp,pass_iaaff
kservice_fgond,login_lhysd,pass_nfnal
rservice_efuxz,login_zhqqk,pass_pqzjy
wservice_vttrl,login_immoh,pass_swvug
bservice_nlcqw,login_pknlv,pass_dkevc
mservice_ueuwy,login_ygodi,pass_wshgd
eservice_pxjok,login_nnoja,pass_rpksy
iservice_jvsgv,login_golue,pass_wqdrz
rservice_zmrso,login_aufyv,pass_bmzxz
xservice_bfpoc,login_fymjo,pass_ihtzf
qservice_xovqr,login_pxgxp,pass_atytl
dservice_jjgeo,login_cqwny,pass_elipd
qservice_fmnkr,login_uqvfi,pass_vafyx
lservice_hyutu,login_yhfzn,pass_hpotl
eservice_wieus,login_fwdqe,pass_nfcyx
xservice_wblwx,login_sodow,pass_chioe
lservice_rfmoz,login_vtllp,pass_qfpbr
pservice_cdecg,login_uzwgp,pass_jidep
kservice_zztcb,login_inisu,pass_wbury
dservice_hoghy,login_brlcn,pass_deaum
pservice_sfrtu,login_wqqau,pass_itiwg
lservice_norsk,login_wqtnh,pass_exoiw
yservice_kbqjc,login_dhllw,pass_xbobf
yservice_yqdbg,login_sccik,pass_gyqzz
zservice_cuioh,login_pmtpn,pass_xnxfj
yservice_ffazg,login_rgtfr,pass_cprvl
rservice_gfccu,login_iiliy,pass_tqrzk
gservice_mbrpa,login_ydzbg,pass_oajov
sservice_hfvxl,login_heffv,pass_jozaq
iservice_viddv,login_mexih,pass_qskkg
aservice_jvwqh,login_eovzq,pass_fzbrq
yservice_xyxfp,login_nvqot,pass_hfayl
zservice_cqqqq,login_wjlol,pass_xbebl
vservice_pyxlt,login_ncyiv,pass_lcboh
zservice_crqrj,login_dfaun,pass_ykotr
bservice_gemjr,login_duhpn,pass_bqjay
eservice_onpcg,login_lvqdf,pass_xwksm
gservice_dhwrz,login_vxuer,pass_vssfg
xservice_vdmxe,login_hgzab,pass_lctcu
dservice_cujfd,login_npaqv,pass_sofir
eservice_bsggd,login_yumaa,pass_qbmjs
eservice_esoqi,login_kpyjk,pass_yavyt
dservice_xpqba,login_xynmd,pass_ohixe
sservice_kilqs,login_dhxpv,pass_ikxxk
mservice_wzfgk,login_toell,pass_lbyth
tservice_chjwg,login_zpthq,pass_hplqn
sservice_nhnjx,login_cohub,pass_rvudz
yservice_wanqj,login_bybmn,pass_ipevz
oservice_uhoee,login_mjvly,pass_vokmf
jservice_sjinf,login_ijjmb,pass_ipqbt
fservice_umxze,login_kmgpn,pass_wrchf
nservice_tjqkn,login_pztsc,pass_letqn
fservice_ipien,login_dztso,pass_ayrzt
dservice_htvwz,login_lvmqu,pass_fuvjj
gservice_grbqs,login_vemqx,pass_yraxr
tservice_boczx,login_qrrmc,pass_ftksg
lservice_zkotn,login_mcgdv,pass_cyldj
tservice_pkosq,login_rpmfw,pass_zlusr
cservice_tyskt,login_euiqs,pass_ztghv
iservice_kgrbw,login_kdkow,pass_axoti
jservice_poaqq,login_qliox,pass_ertwf
zservice_rtlvy,login_cszbl,pass_mxoxy
zservice_gjzxq,login_rornf,pass_nowrn
vservice_zbjzz,login_hgxmp,pass_fapko
eservice_dzyze,login_fjhfn,pass_ponvt
hservice_aqmdm,login_awrgd,pass_fksmw
rservice_dorxc,login_rjxwu,pass_ruyfe
wservice_rvlyp,login_zveap,pass_bizhk
pservice_xwovb,login_xmpox,pass_mpedi
gservice_ddixn,login_rpzsu,pass_smxxe
eservice_kxhpx,login_uhtbb,pass_flasp
wservice_jdeta,login_nyzzt,pass_akirw
xservice_sbgbo,login_umhyf,pass_jxwxl
wservice_nogpl,login_gdecz,pass_lnqwn
zservice_tgsnx,login_vzmdo,pass_ykusx
dservice_nocji,login_tkmte,pass_bwapk
nservice_gcvlk,login_znpyz,pass_jdnke
oservice_vflyy,login_qbjvz,pass_zwmzc
uservice_iicbi,login_reevd,pass_ydlit
yservice_fmsng,login_myibv,pass_czryd
lservice_pbwpc,login_xrzko,pass_hanjp
rservice_uavaa,login_bcgnv,pass_qmnjc
zservice_qauwn,login_kytaj,pass_zuxpv
zservice_voclr,login_epqfo,pass_ijxzz
aservice_ilvei,login_gzsho,pass_eaovl
lservice_lvhmh,login_dzuel,pass_xqqcg
rservice_cqyrd,login_hxpce,pass_gpdoq
cservice_eotzw,login_zhrux,pass_wvbow
oservice_ynyef,login_cftnu,pass_ocwrp
nservice_sbyoy,login_hucjy,pass_zabca
rservice_yuqul,login_nnksk,pass_niniu
wservice_ipgmz,login_eioea,pass_hiype
sservice_nznjd,login_bddva,pass_axvoe
eservice_nwvcz,login_outwe,pass_ienbv
uservice_xaxhc,login_cwqmb,pass_aiqvl
yservice_ewzrq,login_wemqz,pass_kfugh
xservice_vlhry,login_meatg,pass_ouwej
pservice_jffzb,login_xznps,pass_nkgnj
iservice_mjcxx,login_uakuo,pass_sbtsx
sservice_qgnrs,login_inmxh,pass_hdcqt
pservice_mpkmg,login_aqpex,pass_oubtk
kservice_eahyc,login_yazdn,pass_vcanf
uservice_mbmkt,login_cjeuc,pass_ocmjc
wservice_iredp,login_hagbg,pass_pqwyd
qservice_fbmdq,login_ebmlk,pass_zuiwl
yservice_nqzwe,login_thgum,pass_fprcm
fservice_gymey,login_zdgci,pass_aoqzq
uservice_biijm,login_iqkyi,pass_vuuhp
rservice_bqvlb,login_qavng,pass_whgkf
zservice_yyygl,login_papfu,pass_wrmme
oservice_jyorv,login_gzhop,pass_fjluw
vservice_koafi,login_nimvd,pass_fyqjc
kservice_hgiey,login_sbvho,pass_qekdg
pservice_wezqa,login_ahfcz,pass_wbkis
zservice_evwcn,login_glydq,pass_qixfh
vservice_thdjz,login_ehtfv,pass_npfbu
vservice_kufhg,login_pyakm,pass_dtvdb
kservice_hixkz,login_icwwp,pass_gycrw
oservice_wyihb,login_eknka,pass_nxndr
qservice_zzfew,login_eqfkw,pass_viyqh
iservice_yphtz,login_dgbgs,pass_aiyor
dservice_xkwqc,login_vzyiv,pass_yzcho
dservice_vqkhu,login_kdkac,pass_yrapj
fservice_cvfiu,login_cwjkf,pass_npdly
iservice_wrjvm,login_wmkwx,pass_lkhky
wservice_vkeak,login_cpkcr,pass_pyhge
zservice_vaqhr,login_ztyhz,pass_dluas
kservice_omxza,login_rbbux,pass_xjwcz
yservice_ongye,login_ebvny,pass_gkjda
wservice_tqwwx,login_heoyh,pass_nylom
dservice_elcjc,login_xpbqa,pass_vbeef
rservice_qkuel,login_jdiyi,pass_dnsyn
cservice_fowzx,login_kskrx,pass_lopzi
xservice_zbdhn,login_jfopf,pass_mndcy
jservice_sczds,login_rxins,pass_ceofm
rservice_gqisp,login_wevml,pass_foxuu
eservice_vnnkt,login_yykjq,pass_nzsvv
zservice_ljxef,login_fepcj,pass_bxuze
eservice_kwpfs,login_eixso,pass_ijrpk
eservice_xrsyv,login_njrqc,pass_bgdub
uservice_rrczf,login_gyder,pass_jirbi
yservice_dvzdl,login_fjazh,pass_zefsl
oservice_dbxza,login_jvzts,pass_ievur
xservice_dqcbp,login_hhsdp,pass_dtgyw
pservice_rzqbe,login_znjke,pass_xojvi
vservice_qvtsx,login_fdicg,pass_lchfu
nservice_edaek,login_yqptp,pass_aghmg
oservice_fjbeq,login_ocawm,pass_qchvu
aservice_rmwwn,login_yxxxk,pass_tvxod
aservice_udhwp,login_arcfv,pass_fzuhz
yservice_kniej,login_vzqht,pass_sozmm
yservice_nlply,login_gfzms,pass_wpoky
tservice_saxny,login_jbikr,pass_wolrk
vservice_ihdhq,login_mullp,pass_rqywx
oservice_pvfez,login_iokhl,pass_zosqx
qservice_heweh,login_yjocn,pass_yzvho
cservice_htgxg,login_fuchi,pass_hahcr
zservice_auuxr,login_gtrdq,pass_vrrrt
uservice_urssv,login_bnpsv,pass_fmpmg
hservice_hnfif,login_ztgbx,pass_rkbdn
cservice_usfqv,login_viypj,pass_eflow
rservice_ijigh,login_mixmg,pass_bfyez
qservice_tbshx,login_aodhf,pass_tvoza
cservice_reiwa,login_vfkjk,pass_evhrf
oservice_tklpi,login_qqolq,pass_kbblg
xservice_dkrkb,login_duulg,pass_osqxb
hservice_ubdtt,login_sxecg,pass_nrgdx
bservice_pfvdx,login_klwyb,pass_hchza
cservice_mfzxl,login_ovyyk,pass_cnmek
mservice_ortjx,login_ynqwo,pass_tcqgx
iservice_lxpvm,login_znpgk,pass_qhxem
fservice_siaql,login_zzlzh,pass_sebnb
pservice_ytgqz,login_knpjg,pass_tfxet
mservice_kwxni,login_uttze,pass_pwxti
yservice_tvvtx,login_jdals,pass_wuqca
gservice_anzxy,login_xlkjd,pass_luqnd
dservice_unkzo,login_hscsi,pass_tauyi
yservice_ppdks,login_fzaxg,pass_tsuqk
zservice_sdyqf,login_onmdt,pass_zsink
vservice_ienis,login_hnilz,pass_pofxo
dservice_atusr,login_jospj,pass_shxwj
aservice_bycbf,login_xckeb,pass_mpiqr
rservice_elbhn,login_zvtqw,pass_dqthu
aservice_iijqp,login_wilom,pass_yosqc
yservice_xalon,login_kzzcf,pass_udmft
kservice_nuprk,login_iaipq,pass_yyhtf
mservice_rkxms,login_zfnxy,pass_rdtpm
tservice_udojo,login_jhzqg,pass_dunzb
eservice_qbnzd,login_gizjh,pass_wttov
kservice_faswa,login_yttxc,pass_iixxd
yservice_lfoju,login_ddkdf,pass_scrdq
tservice_lppzz,login_bpxfa,pass_adenv
vservice_idyzj,login_hnnuh,pass_axuhc
kservice_kaefc,login_zxcnp,pass_qlmet
rservice_ervta,login_vvehy,pass_enzax
uservice_fdrpl,login_cmuef,pass_ibvfv
bservice_vxwja,login_jhjad,pass_qnhlv
pservice_accnr,login_egpwc,pass_ghgav
fservice_raily,login_qjwbu,pass_wpjps
eservice_tjnot,login_ueaxo,pass_ugill
hservice_cdyet,login_pkxsl,pass_asset
fservice_zfuuv,login_homhx,pass_dcstj
nservice_bvmbs,login_dzfbo,pass_tynyd
eservice_lcttx,login_kwpvo,pass_gbubv
lservice_ifgbh,login_tvexr,pass_vxeli
bservice_ohkqu,login_xqrdy,pass_nvscd
hservice_yudxr,login_eklrq,pass_cchra
nservice_gknkv,login_xudfc,pass_imkrs
sservice_bjwko,login_konoo,pass_trvkv
oservice_wkukc,login_jswkk,pass_zvvmn
nservice_uacva,login_ftlmk,pass_azzgz
zservice_zthha,login_jfctf,pass_vipxl
oservice_yheip,login_vxuij,pass_mlvug
pservice_heqiw,login_sadlq,pass_sxivv
tservice_aansj,login_gdqak,pass_cxfje
zservice_lsfqv,login_wgqbc,pass_ckrao
hservice_ecrtp,login_nporj,pass_nsjnt
iservice_vzuvm,login_qodne,pass_cxcix
sservice_vmowm,login_othxv,pass_hgfyi
bservice_dredk,login_lnkyd,pass_sdklc
sservice_oeple,login_gxqfj,pass_sfuvd
vservice_jfdvt,login_yunyi,pass_kzfqx
eservice_fnmml,login_soevy,pass_qavvz
cservice_zrnln,login_malpu,pass_dumla
jservice_hsfwy,login_auois,pass_lbpbv
cservice_tecuj,login_mpoxo,pass_gtxax
tservice_hisnn,login_ibvhn,pass_scqft
mservice_iowof,login_gakfy,pass_shroh
rservice_wowkm,login_uqdnf,pass_gfoid
xservice_atwgz,login_fkwfa,pass_pwzok
kservice_bpkaj,login_jdsqy,pass_civgf
jservice_vfale,login_ccedx,pass_olrae
wservice_sdmxb,login_oluxh,pass_ejnmp
lservice_ujxip,login_ahkrx,pass_gsvau
eservice_aminc,login_amlpi,pass_dihze
zservice_exsci,login_bmtmg,pass_rbhql
bservice_zczcx,login_rzbfv,pass_wcylb
vservice_pmxgr,login_nzlbw,pass_xkptj
vservice_mktew,login_skzzg,pass_kpbbs
eservice_olrqh,login_bdiit,pass_qrxpz
jservice_saymu,login_wqutm,pass_dtuoa
kservice_twvqu,login_ntclo,pass_dwvwe
qservice_bvfck,login_qdpyp,pass_kfgpz
nservice_tedon,login_uuqom,pass_wmijd
bservice_ovqli,login_cdroe,pass_ypkph
mservice_ujxwt,login_rohzf,pass_mzajr
tservice_indte,login_tgopz,pass_dyjsq
qservice_qswpw,login_tebfv,pass_vaxjp
iservice_mdjzt,login_kprrv,pass_qvmbr
wservice_rlwre,login_dawhz,pass_nqlsn
aservice_rjtqy,login_pgcpf,pass_zqiuj
aservice_gisae,login_uxhsy,pass_mpgsw
xservice_fqqsn,login_jkkmh,pass_viwoc
tservice_jpokj,login_kpboq,pass_gtuqu
rservice_blvsz,login_evrtk,pass_bpqkl
bservice_tqqex,login_veccz,pass_mropk
xservice_uiwml,login_eoqwa,pass_lqfkg
vservice_xssxj,login_uubjw,pass_asoxo
nservice_lxgia,login_yfnwp,pass_bfyxo
uservice_gevja,login_jplvb,pass_fofsw
lservice_wctkj,login_leswu,pass_tlcfg
fservice_seyil,login_mvccn,pass_aoszl
tservice_iatwg,login_pbzpt,pass_yjfsn
uservice_nrzks,login_dtbxg,pass_lzvcg
dservice_ncapv,login_rfbwr,pass_yjhew
uservice_dzddo,login_fbjgj,pass_fdtpv
zservice_kxxhq,login_ccbpi,pass_tpigl
mservice_aypbv,login_eisyb,pass_smlzx
fservice_tamev,login_ogemv,pass_ttmno
dservice_orfea,login_mntnx,pass_aspuv
hservice_ianft,login_oeuzx,pass_sxypm
zservice_sbskm,login_birsm,pass_odtnm
pservice_efavp,login_vrxlx,pass_tnysj
eservice_fsgns,login_qwkgf,pass_whirt
oservice_vdiis,login_rumyu,pass_yayuk
uservice_lepce,login_podqg,pass_oaayl
qservice_fsnov,login_mlkqr,pass_xujon
wservice_zjbfz,login_mauge,pass_srifg
vservice_uykgb,login_rcwji,pass_xotbs
mservice_gvdqb,login_cmuar,pass_zfptl
fservice_xnsqy,login_eyccm,pass_vqhnh
wservice_viecs,login_eagjg,pass_pjode
mservice_cwtki,login_kyivn,pass_kurai
yservice_xbbji,login_djweq,pass_hxgwf
jservice_myozj,login_qmdve,pass_ivbgh
iservice_yhave,login_annwz,pass_bnfot
hservice_xykyl,login_fbqto,pass_ycjaj
rservice_eanwb,login_sxdsd,pass_zgjjv
kservice_sleir,login_evkko,pass_goxle
iservice_chvxn,login_uujvw,pass_tawwa
pservice_wbvqh,login_whjbu,pass_owklw
lservice_ubrze,login_aufew,pass_fmzjj
cservice_sedwk,login_winrv,pass_psryv
aservice_scctx,login_ybfvm,pass_ztsta
sservice_suppi,login_lbpbk,pass_dxfmb
jservice_shvei,login_uwlzv,pass_mfqke
jservice_pfxpg,login_optyb,pass_lkszl
xservice_bmsth,login_xvebh,pass_aokgq
wservice_ldvzw,login_qlnxl,pass_klxhy
xservice_zjyst,login_mmgkq,pass_swxui
kservice_xyklm,login_qsvkg,pass_ofesp
aservice_avect,login_ktqeq,pass_tousx
iservice_nxodr,login_rkpdv,pass_jvhvw
tservice_vbdnk,login_mhnug,pass_wuflo
mservice_tihfo,login_shyrr,pass_saspg
sservice_twqly,login_zzzsx,pass_sbqts
kservice_zzljv,login_vyylo,pass_hoyum
eservice_ciezh,login_kprtj,pass_umuhq
sservice_lqdmy,login_qtdni,pass_craqt
oservice_vzyki,login_bavyh,pass_bbtro
gservice_xlwau,login_shabm,pass_xqyaw
eservice_xgrva,login_ehjda,pass_xltfd
cservice_ghdks,login_shyrn,pass_ktcor
vservice_niiku,login_qiojo,pass_sasxs
mservice_hxgzs,login_xlipp,pass_vnheh
zservice_ynxxh,login_dfkxj,pass_tlogk
tservice_tduti,login_hmqgo,pass_eisxq
lservice_tawzq,login_sccxb,pass_dzyyc
yservice_wpbxw,login_dsfct,pass_nmebr
qservice_ufkcp,login_twjal,pass_dibsa
dservice_hajcm,login_tsnzt,pass_xqgrn
lservice_csvub,login_rioan,pass_dqyff
jservice_pkgbg,login_zngpq,pass_ttfxs
bservice_tagvj,login_urpac,pass_rsuxy
yservice_cophb,login_tjoyu,pass_qamky
vservice_seszu,login_btdxd,pass_ubpee
eservice_wdjlo,login_smbfy,pass_gwwbv
sservice_fcusa,login_ttutc,pass_ctoxq
iservice_usecg,login_ztwqx,pass_hytmq
pservice_uoqsu,login_pphod,pass_wvtte
fservice_lmiqj,login_weexe,pass_jcxvt
rservice_slkwy,login_ecthl,pass_yumya
tservice_hslgh,login_gbtmf,pass_umptc
xservice_ubfyd,login_xoqoz,pass_mqdqk
kservice_ebiqe,login_exdnu,pass_dyzeo
oservice_agtod,login_tfyhp,pass_wusgb
jservice_vqhic,login_guxev,pass_xgrrv
jservice_jmxux,login_cehvk,pass_xaiit
tservice_lkwov,login_kktrm,pass_lfbnl
qservice_gzgre,login_cngbz,pass_ntuyv
oservice_tlupc,login_raxbv,pass_pzmxr
kservice_ojoue,login_jcmvv,pass_stavz
mservice_equwe,login_qfkeu,pass_uwnzl
mservice_snhok,login_iakrb,pass_pusik
rservice_qqihn,login_xzjuv,pass_omlzw
tservice_nylrz,login_mgodb,pass_phcnl
yservice_cqosp,login_lypxg,pass_otolq
hservice_cnsbc,login_ratub,pass_sglxp
mservice_mxcbd,login_yhelo,pass_bfwse
tservice_dbaqm,login_idoxf,pass_sefcj
nservice_saxqf,login_sfztt,pass_ipvve
tservice_tgujb,login_ygsnq,pass_vthho
oservice_lkizn,login_zqejv,pass_pwjcm
qservice_omnho,login_thjbb,pass_zxwfm
oservice_ecabd,login_yxief,pass_kkymh
kservice_jahgv,login_vobpp,pass_iholj
fservice_ahvkj,login_xucsi,pass_okqhk
lservice_jxrcj,login_vyanv,pass_dgbln
vservice_ccaqy,login_bpbwm,pass_irrgt
sservice_pprbp,login_qkbph,pass_bpqbh
fservice_zqcdc,login_jvpti,pass_dwxpg
lservice_tmoip,login_jfcuv,pass_ahmgl
hservice_ucpct,login_qpopt,pass_grfhy
bservice_ukoev,login_juejs,pass_wixew
qservice_ikzfv,login_ukepl,pass_eadiv
tservice_etosa,login_aahha,pass_kkivo
eservice_hayet,login_txelz,pass_imyen
qservice_pzlhy,login_yvnwv,pass_vfnci
zservice_fjrtg,login_jyrzc,pass_krqiw
tservice_pfevo,login_skilv,pass_kdshc
aservice_rjmff,login_verjs,pass_tdnmv
mservice_vljxt,login_lirlu,pass_kixnt
gservice_ngcme,login_gtzwh,pass_bzfqv
oservice_ugyqj,login_angvn,pass_kuiuy
aservice_agbyb,login_iooqd,pass_bzgmn
aservice_srswu,login_juyib,pass_sojye
qservice_gkdto,login_auuzy,pass_pmsiv
nservice_zcibx,login_scsgg,pass_jafwo
jservice_wligu,login_yogss,pass_znruu
kservice_hfkai,login_trfbg,pass_gffwx
oservice_naqjo,login_dxpsm,pass_jjxdo
lservice_jbmej,login_izgsi,pass_mhfha
mservice_zxmer,login_iqsuk,pass_qhmjl
cservice_jpgpb,login_mkoao,pass_vagnc
uservice_tqxdj,login_lmkfm,pass_sjvjh
gservice_kriha,login_vvusb,pass_wancf
wservice_jezio,login_ywuej,pass_qcriu
eservice_ivtnv,login_fsemx,pass_vxujw
uservice_nmmcu,login_vlvsd,pass_gzeiu
gservice_jhwgf,login_hbbon,pass_lhyjl
kservice_crrdz,login_wzxbu,pass_vlfup
dservice_cbbyk,login_ptfak,pass_koyqz
zservice_vmhft,login_geond,pass_egsdd
eservice_ckewz,login_vxzfu,pass_afrol
cservice_abeaa,login_cyytn,pass_xficw
dservice_mquww,login_qazqs,pass_hokvt
uservice_bfsbq,login_rsuee,pass_czdlj
lservice_lpckd,login_zqefq,pass_qvtbj
pservice_fxrwm,login_xcofh,pass_icebc
fservice_qvhwe,login_molhw,pass_wavui
mservice_zrkco,login_jgyzf,pass_cpghw
eservice_cqdgu,login_yzlky,pass_afbrk
tservice_lksnp,login_dezqb,pass_tmpwi
uservice_imgzr,login_cgnds,pass_jydvt
vservice_qsfcx,login_rbjxr,pass_oojbz
aservice_zbddd,login_qhfwg,pass_ghhoc
tservice_sqzrl,login_bblkz,pass_mwlxm
bservice_geqgf,login_gtjcu,pass_cwsgw
qservice_yscad,login_rknlc,pass_modyn
pservice_biazc,login_yhfuh,pass_rkdeq
eservice_ksatj,login_auzsm,pass_ysaik
xservice_tzzfu,login_lpcxm,pass_ftiyq
xservice_nnjsv,login_jeggy,pass_whdqi
qservice_rqbel,login_foaqm,pass_bvngm
fservice_xruhc,login_qhadc,pass_korss
qservice_ehbug,login_ipnoq,pass_kgiof
rservice_rfbcn,login_irqix,pass_mhmfy
uservice_crtra,login_ofply,pass_ohnyj
hservice_hzxdm,login_ipuoe,pass_ozdfd
lservice_qvqbf,login_wcnxj,pass_aahmo
sservice_cbylf,login_ysont,pass_hdcok
sservice_xpjvk,login_alcyu,pass_awqzi
lservice_vmoai,login_ipepz,pass_ukdxi
eservice_uzxlg,login_dgetm,pass_pixsg
bservice_ljhjc,login_mfhwi,pass_sqtod
mservice_uyrsi,login_irvnm,pass_ndesa
vservice_fstiy,login_svdgj,pass_gqukg
tservice_dkkoc,login_ukdya,pass_ytwux
eservice_spaox,login_gubvr,pass_jcohm
mservice_algae,login_apqyg,pass_qugmm
vservice_wwflh,login_vkvrv,pass_obnei
tservice_zouzg,login_knnjd,pass_zmxrd
lservice_fufxv,login_qukql,pass_laegt
yservice_xnsel,login_fainh,pass_masck
hservice_ahxjg,login_mughe,pass_wsifx
mservice_qktpt,login_mgbhj,pass_ospmg
mservice_ujnoz,login_qvkvz,pass_wwomo
cservice_uvblh,login_ttovf,pass_mvjry
fservice_jrdey,login_rbucn,pass_abcpd
vservice_uugeh,login_fwiyq,pass_jgdhx
wservice_gdrzs,login_hadwi,pass_adpug
yservice_rxtis,login_rkrlj,pass_drzvf
yservice_djoli,login_btsiw,pass_cgwou
gservice_blqxe,login_nfyls,pass_zzxju
eservice_tupsq,login_wywkg,pass_znems
bservice_bqsrj,login_llktw,pass_gsxyv
jservice_pwbak,login_phypx,pass_npzae
uservice_dfjse,login_tziug,pass_peuyu
mservice_mvyhn,login_efvaj,pass_gkanr
zservice_gpsvi,login_ikxzv,pass_gkrxl
lservice_nalag,login_qkfmk,pass_mrsdl
gservice_konlw,login_flpmu,pass_yquaf
rservice_qdcqf,login_jtbtz,pass_zmooe
mservice_rbidb,login_fyqem,pass_irbme
dservice_usxao,login_qbgvs,pass_uspmb
rservice_xawto,login_jjxhe,pass_fydmy
oservice_euzcp,login_awrpx,pass_czxex
uservice_eenix,login_pxbyn,pass_xdikr
eservice_wfowc,login_fyemg,pass_ebqni
dservice_pxudh,login_yvbpj,pass_qlwfc
mservice_vyvro,login_clqgh,pass_qcdfq
fservice_lirxg,login_uljjo,pass_quibt
uservice_jzjqn,login_pshjo,pass_yvvqu
rservice_wuxye,login_brpjt,pass_yuwdb
wservice_fmioe,login_khapm,pass_vugyq
wservice_ykvkr,login_fcjsb,pass_jobed
kservice_vvufn,login_bwyrt,pass_ouymo
aservice_ynqxo,login_cnpor,pass_dwnyd
cservice_sneyf,login_iofgn,pass_vhyuy
iservice_sdcpt,login_joxyk,pass_cryqj
bservice_oaufc,login_uxzlc,pass_xfjqj
oservice_nmcex,login_opycz,pass_fyylp
jservice_joero,login_crxnf,pass_poifo
vservice_vlnnb,login_acawq,pass_kczxs
kservice_osrhr,login_edqqf,pass_dzyqe
mservice_agkdj,login_ylqsw,pass_fiwhc
qservice_gmcjz,login_acosa,pass_qqoum
pservice_mrkjr,login_lhggw,pass_selrs
