zservice_rmxhn,login_zoxxt,pass_vudxf
wservice_qdzxe,login_nsbfd,pass_scoco
gservice_xpcaz,login_uulha,pass_aunua
hservice_vgrxo,login_frsja,pass_dkmvo
gservice_byoyd,login_qnjma,pass_xnynh
gservice_vzqfh,login_jlfsu,pass_ndbcp
nservice_ukdxj,login_veqye,pass_mqzzo
rservice_qenfm,login_tfjwx,pass_oamle
dservice_alczk,login_scneh,pass_uyltf
mservice_vzjti,login_lgiid,pass_wuqjg
kservice_tijnu,login_zkujt,pass_kxrur
kservice_pdgtc,login_fysdh,pass_fhoqw
mservice_dxwwl,login_qyoao,pass_epdjk
pservice_umaop,login_ybvxg,pass_wjgeg
hservice_gzsja,login_sacxj,pass_loqrs
eservice_whldu,login_guatb,pass_pphio
pservice_cqnbn,login_jhwgw,pass_jyirr
qservice_qtqnx,login_ndrdg,pass_qjigv
iservice_vusfb,login_krlvt,pass_hqpap
wservice_oebbg,login_lrwlk,pass_mfckj
kservice_arddz,login_kaise,pass_xoxsk
tservice_ffxqh,login_aunut,pass_bhxdm
vservice_rkujq,login_oopvd,pass_xjfab
hservice_doenj,login_asenm,pass_qhvzp
yservice_gtzsf,login_avxbi,pass_ycywu
qservice_zpwmo,login_hdzum,pass_bbsvx
vservice_hgvxe,login_mmuhg,pass_nqspe
rservice_nszhq,login_wjmil,pass_syetn
yservice_uztfl,login_igckv,pass_pmzmh
fservice_afujq,login_zjicn,pass_nneob
bservice_saxhp,login_kfqmb,pass_jqais
kservice_tovrf,login_gkeyy,pass_ircaa
oservice_dlnfm,login_koxpr,pass_zlzsu
hservice_pasqv,login_xzkxz,pass_prxif
iservice_jwmey,login_jusiz,pass_qipcd
uservice_pdmnm,login_ohfna,pass_arnqi
zservice_cdwdo,login_vgysj,pass_swtdn
qservice_kzjws,login_wilbc,pass_zqwwl
dservice_lpwme,login_bztxi,pass_amvmq
aservice_zpyam,login_cbdkv,pass_vwtmt
oservice_jakkn,login_pwibs,pass_exleu
tservice_ucdwz,login_cltio,pass_okigk
cservice_vrdsj,login_yczjq,pass_apeas
gservice_ugwfq,login_somtm,pass_ogftk
rservice_wemqm,login_fcnad,pass_fpxxq
nservice_otnif,login_jjtjt,pass_fohot
fservice_gqlkd,login_ighao,pass_ukslq
xservice_jflwq,login_fxzqo,pass_xtbfq
nservice_iffdw,login_ibgko,pass_wldtg
dservice_ieosp,login_bkycz,pass_uwizh
mservice_zzywz,login_bfaww,pass_yuoad
mservice_ortax,login_ippjh,pass_iejal
aservice_fpkeq,login_scnyd,pass_tugpd
zservice_orcah,login_jtuob,pass_disno
iservice_mqtqh,login_sjyhn,pass_shbym
cservice_yqgbf,login_vjvmh,pass_wetra
qservice_yjbsn,login_gdqlu,pass_fthut
qservice_mcdfl,login_iyabw,pass_ilssj
sservice_qprgm,login_stcxu,pass_zcdcc
xservice_xdsak,login_smelo,pass_gxtuq
qservice_qkivc,login_hcsei,pass_eaxyg
aservice_swejs,login_ihtya,pass_dwzah
eservice_twacs,login_fxvgx,pass_uopga
lservice_bkdqn,login_ufwuj,pass_lxdys
yservice_zjcxk,login_pvzuj,pass_dfpwg
vservice_rlvrk,login_wykwt,pass_ipxbi
rservice_ssjxb,login_hupog,pass_alabe
vservice_rgton,login_kkmxg,pass_paozp
xservice_vkcht,login_maflx,pass_vhwkn
mservice_jljvv,login_btcqo,pass_jzocp
oservice_hcysu,login_oekxo,pass_ktuyj
fservice_xahwa,login_rolub,pass_jtlbn
lservice_nqeos,login_litrm,pass_bcanw
lservice_eqzif,login_dvntf,pass_epman
xservice_okfrz,login_ebphc,pass_vrrbj
xservice_vpduo,login_mgugm,pass_qzoli
tservice_gdkxk,login_fapgc,pass_kgewj
lservice_anbqw,login_wqjxn,pass_dhyyn
iservice_xxhab,login_raczb,pass_bcdsu
nservice_tnrim,login_wmzas,pass_jbziu
bservice_uyylq,login_mcajw,pass_rfyqn
jservice_jaihr,login_isbor,pass_pgjtb
lservice_sxjrc,login_vkmts,pass_zbwfn
uservice_euqdb,login_cvhyq,pass_ojfdq
iservice_jkruv,login_xworo,pass_fyqen
jservice_peqwc,login_kxtuv,pass_nhaxv
lservice_jmbzt,login_mxgzl,pass_odwvr
xservice_yfqso,login_nkdpm,pass_svegc
bservice_vxxmd,login_rvhea,pass_pktgn
lservice_lgsvv,login_fydgs,pass_vzxml
mservice_hsbye,login_valmd,pass_unomy
kservice_hhyqc,login_ujjbr,pass_jcxkg
qservice_ydmch,login_hwdor,pass_zuagh
qservice_zfnso,login_ijiig,pass_vdvuk
aservice_gjjle,login_atevx,pass_zetht
eservice_clnnd,login_fkwmc,pass_utcsf
oservice_ocddj,login_xzwxh,pass_efane
iservice_kfxrt,login_anyza,pass_lflel
kservice_gspxb,login_fzaxm,pass_stszl
dservice_jdhck,login_trntk,pass_nngmy
qservice_yaqsr,login_vtupx,pass_vwhod
dservice_akrxs,login_puodm,pass_soiuv
tservice_xgmof,login_bycdd,pass_bdshy
vservice_jzwko,login_awlqh,pass_ofrrn
oservice_nquah,login_oyjhk,pass_nutyy
uservice_sffmy,login_lybal,pass_tmkgc
sservice_qrteu,login_axbzy,pass_jvzww
yservice_oisby,login_talfz,pass_bprav
uservice_noepu,login_ruozq,pass_gvmjy
hservice_urmdf,login_vglff,pass_kczju
zservice_xkvky,login_svvxg,pass_xqahs
dservice_jtofg,login_bqlkd,pass_jxbve
mservice_oevrk,login_fcuiy,pass_swwxd
tservice_sadma,login_exoxx,pass_lpvlk
hservice_ytowf,login_ueswc,pass_qdler
zservice_tbuxd,login_soavj,pass_amjsu
lservice_qiigx,login_gkujm,pass_bfktn
gservice_gnloc,login_blmvz,pass_hxlss
kservice_uesym,login_nnrsi,pass_cxdqz
xservice_ulgov,login_updgn,pass_maogd
bservice_wdnyg,login_udghs,pass_jeydb
fservice_nfzzj,login_lnuwj,pass_bwxni
bservice_mnuyz,login_ysiep,pass_nkuky
uservice_fmxwe,login_twmib,pass_jzjnf
aservice_xftso,login_hiqsh,pass_jdfre
lservice_kspco,login_flibq,pass_oqwwy
vservice_mxciy,login_xwirn,pass_ryllo
zservice_pgczc,login_lpzpi,pass_zfgrv
bservice_tjzsf,login_bzrrn,pass_udtes
kservice_aycko,login_jrxgb,pass_tlvom
pservice_izeyv,login_ssejs,pass_olrmi
iservice_iyszq,login_kwuml,pass_awffz
vservice_kvklo,login_hahvq,pass_kcgrq
mservice_zhhtp,login_oyukz,pass_keaxd
kservice_lpkhf,login_lpmdq,pass_agqxt
aservice_xzusq,login_xogsr,pass_foayj
iservice_agndi,login_fwnyu,pass_qlrpa
gservice_rdvou,login_frwdh,pass_whzha
bservice_jpfwa,login_khbmn,pass_oqhye
hservice_lnzrm,login_umkgc,pass_vzszw
rservice_lgodz,login_svorc,pass_cdegn
oservice_obgci,login_tdjve,pass_ovzjw
xservice_kixog,login_moftq,pass_dfmke
jservice_oopiz,login_koiyg,pass_obgaf
yservice_fqfxz,login_gsgrp,pass_vnpey
eservice_dklqj,login_dmjac,pass_rbryo
nservice_sbmuv,login_jzulg,pass_zkrha
qservice_yhwkf,login_tvvzc,pass_imxor
vservice_fmcrf,login_wkbsk,pass_pruwi
sservice_okaix,login_skifr,pass_dfeop
mservice_ujmjg,login_ujfml,pass_wfkzi
dservice_stuhz,login_onmdx,pass_cawkw
bservice_jpeiu,login_vwdty,pass_qtzrg
qservice_wblts,login_kehaz,pass_nkmvm
oservice_otkdb,login_yocof,pass_uvgaa
jservice_onrkd,login_kfjag,pass_jzjnd
iservice_wzjuy,login_uunnh,pass_gcued
oservice_mdtkq,login_wkrse,pass_jgjpi
oservice_mlexe,login_qumzn,pass_pyfhd
mservice_ygfww,login_jpbjd,pass_hhvhh
yservice_wrdta,login_sueik,pass_dvley
vservice_qipre,login_exmid,pass_bqrew
vservice_vrfvp,login_frlvb,pass_putcp
rservice_whvak,login_wowmi,pass_ngirr
bservice_pcjbd,login_rtsxv,pass_tbvbc
lservice_edani,login_kcwei,pass_mivne
hservice_tfyyr,login_mboaq,pass_cegtw
iservice_dvwmf,login_iamyh,pass_ulahf
mservice_chnbz,login_bmcfk,pass_sglzs
rservice_gddhz,login_xsmxv,pass_nqyri
pservice_sftfp,login_oebkm,pass_avaaz
lservice_duore,login_ahkfo,pass_pgjux
xservice_pbpfb,login_uwtyr,pass_mhlwi
aservice_kjhjm,login_zzuas,pass_gonfj
qservice_twdjq,login_gizns,pass_mgzpm
dservice_caerf,login_vuylx,pass_avblh
nservice_udrei,login_qynkl,pass_bchcj
lservice_cvpgf,login_lxled,pass_xgwrz
vservice_dlatw,login_xfkin,pass_penue
sservice_fkqjk,login_upslv,pass_zgtcl
lservice_sazia,login_wvmcj,pass_sxdsb
vservice_swmxw,login_fpcgr,pass_qucjw
sservice_nbgon,login_vadfz,pass_onahm
yservice_tqrfv,login_pxnbq,pass_powfh
mservice_oycwp,login_gfhqx,pass_ojtrs
pservice_flkuj,login_qdzmq,pass_zsagb
fservice_nnzhe,login_hltvc,pass_aekbe
iservice_dljfl,login_wplic,pass_auzil
sservice_gqesv,login_rbagk,pass_ofbxe
oservice_hegul,login_xzbll,pass_mvahb
nservice_eychw,login_uczdg,pass_smgsa
vservice_urysf,login_quwzn,pass_sfsiv
uservice_zmwio,login_rmqks,pass_ejrfi
mservice_avuts,login_haqzo,pass_hugss
rservice_yfzxd,login_oubgz,pass_ypdnm
cservice_cqquh,login_mkwxb,pass_sjwre
qservice_iaksn,login_oidpf,pass_qyrrw
hservice_gbzru,login_yjxnf,pass_cxiir
tservice_eveob,login_qiafv,pass_jnvnr
rservice_xlfbo,login_kpsej,pass_vwohm
